0,0,0,,,,,
1,0,0,,,,,
2,0,0,,,,,
3,0,0,,,,,
4,0,0,,,,,
5,0,0,,,,,
6,0,0,,,,,
7,0,0,,,,,
8,0,0,,,,,
9,0,0,,,,,
10,0,0,,,,,
11,0,0,,,,,
12,0,0,,,,,
13,0,0,,,,,
14,0,0,,,,,
15,0,0,,,,,
16,0,0,,,,,
17,0,0,,,,,
18,0,0,,,,,
19,0,0,,,,,
20,0,0,,,,,
21,0,0,,,,,
22,0,0,,,,,
23,0,0,,,,,
24,0,0,,,,,
25,0,0,,,,,
26,0,0,,,,,
27,0,0,,,,,
28,0,0,,,,,
29,0,0,,,,,
30,0,0,,,,,
31,29,0,,,,,
32,29,0,,,,,
33,29,0,,,,,
34,29,0,,,,,
35,29,0,,,,,
36,29,0,,,,,
37,29,0,,,,,
38,29,0,,,,,
39,29,0,,,,,
40,29,0,,,,,
41,29,0,,,,,
42,29,0,,,,,
43,29,0,,,,,
44,29,0,,,,,
45,29,0,,,,,
46,29,0,,,,,
47,29,0,,,,,
48,29,0,,,,,
49,29,0,,,,,
50,29,0,,,,,
51,29,0,,,,,
52,29,0,,,,,
53,29,0,,,,,
54,29,0,,,,,
55,29,0,,,,,
56,29,0,,,,,
57,29,0,,,,,
58,42.5,0,,,,,
59,42.5,0,,,,,
60,42.5,0,,,,,
61,42.5,0,,,,,
62,42.5,0,,,,,
63,42.5,0,,,,,
64,42.5,0,,,,,
65,42.5,0,,,,,
66,42.5,0,,,,,
67,42.5,0,,,,,
68,42.5,0,,,,,
69,42.5,0,,,,,
70,42.5,0,,,,,
71,42.5,0,,,,,
72,41.666666666666664,0,,,,,
73,41.666666666666664,0,,,,,
74,49.25,0,,,,,
75,49.25,0,,,,,
76,49.25,0,,,,,
77,49.25,0,,,,,
78,49.25,0,,,,,
79,49.25,0,,,,,
80,49.25,0,,,,,
81,49.25,0,,,,,
82,55.4,0,,,,,
83,59.666666666666664,0,,,,,
84,59.666666666666664,0,,,,,
85,59.666666666666664,0,,,,,
86,59.666666666666664,0,,,,,
87,66,0,,,,,
88,66.55555555555556,0,,,,,
89,66.55555555555556,0,,,,,
90,66.55555555555556,0,,,,,
91,66.55555555555556,0,,,,,
92,69.45454545454545,0,,,,,
93,71.25,0,,,,,
94,71.25,0,,,,,
95,71.25,0,,,,,
96,71.25,0,,,,,
97,71.25,0,,,,,
98,73.15384615384616,0,,,,,
99,73.15384615384616,0,,,,,
100,73.15384615384616,0,,,,,
101,73.15384615384616,0,,,,,
102,75.07142857142857,0,,,,,
103,76.8,0,,,,,
104,76.8,0,,,,,
105,76.8,0,,,,,
106,76.8,0,,,,,
107,76.8,0,,,,,
108,76.8,0,,,,,
109,76.8,0,,,,,
110,76.8,0,,,,,
111,76.8,0,,,,,
112,76.8,0,,,,,
113,76.8,0,,,,,
114,76.8,0,,,,,
115,76.8,0,,,,,
116,78.1875,0,,,,,
117,78.1875,0,,,,,
118,78.1875,0,,,,,
119,78.1875,0,,,,,
120,78.1875,0,,,,,
121,78.1875,0,,,,,
122,78.1875,0,,,,,
123,78.1875,0,,,,,
124,78.1875,0,,,,,
125,78.1875,0,,,,,
126,78.1875,0,,,,,
127,78.1875,0,,,,,
128,78.1875,0,,,,,
129,78.1875,0,,,,,
130,78.1875,0,,,,,
131,78.1875,0,,,,,
132,78.1875,0,,,,,
133,87.25,0,,,,,
134,87.25,0,,,,,
135,87.25,0,,,,,
136,89.47619047619048,0,,,,,
137,91.54545454545455,0,,,,,
138,91.54545454545455,0,,,,,
139,91.54545454545455,0,,,,,
140,92.91304347826087,0,,,,,
141,92.91304347826087,0,,,,,
142,92.91304347826087,0,,,,,
143,92.91304347826087,0,,,,,
144,92.91304347826087,0,,,,,
145,92.91304347826087,0,,,,,
146,101.5,0,,,,,
147,101.5,0,,,,,
148,103.03448275862068,0,,,,,
149,103.03448275862068,0,,,,,
150,103.03448275862068,0,,,,,
151,103.03448275862068,0,,,,,
152,103.03448275862068,0,,,,,
153,103.03448275862068,0,,,,,
154,103.03448275862068,0,,,,,
155,103.03448275862068,0,,,,,
156,103.03448275862068,0,,,,,
157,103.03448275862068,0,,,,,
158,103.03448275862068,0,,,,,
159,103.03448275862068,0,,,,,
160,103.03448275862068,0,,,,,
161,103.03448275862068,0,,,,,
162,103.03448275862068,0,,,,,
163,103.03448275862068,0,,,,,
164,103.03448275862068,0,,,,,
165,103.03448275862068,0,,,,,
166,103.03448275862068,0,,,,,
167,103.03448275862068,0,,,,,
168,103.03448275862068,0,,,,,
169,103.03448275862068,0,,,,,
170,103.03448275862068,0,,,,,
171,103.03448275862068,0,,,,,
172,103.03448275862068,0,,,,,
173,103.03448275862068,0,,,,,
174,103.03448275862068,0,,,,,
175,103.03448275862068,0,,,,,
176,103.03448275862068,0,,,,,
177,103.03448275862068,0,,,,,
178,103.03448275862068,0,,,,,
179,103.03448275862068,0,,,,,
180,103.03448275862068,0,,,,,
181,103.03448275862068,0,,,,,
182,103.03448275862068,0,,,,,
183,103.03448275862068,0,,,,,
184,103.03448275862068,0,,,,,
185,103.03448275862068,0,,,,,
186,103.03448275862068,0,,,,,
187,103.03448275862068,0,,,,,
188,103.03448275862068,0,,,,,
189,103.03448275862068,0,,,,,
190,105.86666666666666,0,,,,,
191,105.86666666666666,0,,,,,
192,105.86666666666666,0,,,,,
193,105.86666666666666,0,,,,,
194,105.86666666666666,0,,,,,
195,105.86666666666666,0,,,,,
196,105.86666666666666,0,,,,,
197,119.05555555555556,0,,,,,
198,119.05555555555556,0,,,,,
199,120.75675675675676,0,,,,,
200,120.75675675675676,0,,,,,
201,120.75675675675676,0,,,,,
202,120.75675675675676,0,,,,,
203,122.86842105263158,0,,,,,
204,122.86842105263158,0,,,,,
205,122.86842105263158,0,,,,,
206,126.55,0,,,,,
207,126.55,0,,,,,
208,126.55,0,,,,,
209,126.55,0,,,,,
210,126.55,0,,,,,
211,126.55,0,,,,,
212,126.55,0,,,,,
213,126.55,0,,,,,
214,126.55,0,,,,,
215,126.55,0,,,,,
216,130.71428571428572,0,,,,,
217,130.71428571428572,0,,,,,
218,130.71428571428572,0,,,,,
219,130.71428571428572,0,,,,,
220,132.3953488372093,0,,,,,
221,132.3953488372093,0,,,,,
222,132.3953488372093,0,,,,,
223,132.3953488372093,0,,,,,
224,132.3953488372093,0,,,,,
225,132.3953488372093,0,,,,,
226,132.3953488372093,0,,,,,
227,132.3953488372093,0,,,,,
228,132.3953488372093,0,,,,,
229,136.6,0,,,,,
230,136.6,0,,,,,
231,136.6,0,,,,,
232,136.6,0,,,,,
233,138.65217391304347,0,,,,,
234,138.65217391304347,0,,,,,
235,138.65217391304347,0,,,,,
236,138.65217391304347,0,,,,,
237,138.65217391304347,0,,,,,
238,138.65217391304347,0,,,,,
239,138.65217391304347,0,,,,,
240,138.65217391304347,0,,,,,
241,138.65217391304347,0,,,,,
242,138.65217391304347,0,,,,,
243,138.65217391304347,0,,,,,
244,138.65217391304347,0,,,,,
245,138.65217391304347,0,,,,,
246,138.65217391304347,0,,,,,
247,138.65217391304347,0,,,,,
248,138.65217391304347,0,,,,,
249,138.65217391304347,0,,,,,
250,138.65217391304347,0,,,,,
251,140.68085106382978,0,,,,,
252,140.68085106382978,0,,,,,
253,140.68085106382978,0,,,,,
254,140.68085106382978,0,,,,,
255,140.68085106382978,0,,,,,
256,140.68085106382978,0,,,,,
257,140.68085106382978,0,,,,,
258,140.68085106382978,0,,,,,
259,140.68085106382978,0,,,,,
260,147.12,0,,,,,
261,147.12,0,,,,,
262,147.12,0,,,,,
263,149.35294117647058,0,,,,,
264,149.35294117647058,0,,,,,
265,149.35294117647058,0,,,,,
266,151.26923076923077,0,,,,,
267,151.26923076923077,0,,,,,
268,151.26923076923077,0,,,,,
269,151.26923076923077,0,,,,,
270,151.26923076923077,0,,,,,
271,151.26923076923077,0,,,,,
272,157.47272727272727,0,,,,,
273,157.47272727272727,0,,,,,
274,157.47272727272727,0,,,,,
275,157.47272727272727,0,,,,,
276,157.47272727272727,0,,,,,
277,157.47272727272727,0,,,,,
278,159.58928571428572,0,,,,,
279,159.58928571428572,0,,,,,
280,159.58928571428572,0,,,,,
281,159.58928571428572,0,,,,,
282,159.58928571428572,0,,,,,
283,159.58928571428572,0,,,,,
284,159.58928571428572,0,,,,,
285,159.58928571428572,0,,,,,
286,159.58928571428572,0,,,,,
287,159.58928571428572,0,,,,,
288,159.58928571428572,0,,,,,
289,159.58928571428572,0,,,,,
290,159.58928571428572,0,,,,,
291,159.58928571428572,0,,,,,
292,159.58928571428572,0,,,,,
293,159.58928571428572,0,,,,,
294,159.58928571428572,0,,,,,
295,159.58928571428572,0,,,,,
296,159.58928571428572,0,,,,,
297,159.58928571428572,0,,,,,
298,159.58928571428572,0,,,,,
299,159.58928571428572,0,,,,,
300,159.58928571428572,0,,,,,
301,159.58928571428572,0,,,,,
302,159.58928571428572,0,,,,,
303,159.58928571428572,0,,,,,
304,159.58928571428572,0,,,,,
305,159.58928571428572,0,,,,,
306,159.58928571428572,0,,,,,
307,159.58928571428572,0,,,,,
308,159.58928571428572,0,,,,,
309,159.58928571428572,0,,,,,
310,159.58928571428572,0,,,,,
311,159.58928571428572,0,,,,,
312,164,0,,,,,
313,164,0,,,,,
314,164,0,,,,,
315,164,0,,,,,
316,164,0,,,,,
317,164,0,,,,,
318,164,0,,,,,
319,164,0,,,,,
320,164,0,,,,,
321,164,0,,,,,
322,164,0,,,,,
323,164,0,,,,,
324,169.26666666666668,0,,,,,
325,169.26666666666668,0,,,,,
326,169.26666666666668,0,,,,,
327,169.26666666666668,0,,,,,
328,169.26666666666668,0,,,,,
329,169.26666666666668,0,,,,,
330,169.26666666666668,0,,,,,
331,169.26666666666668,0,,,,,
332,169.26666666666668,0,,,,,
333,169.26666666666668,0,,,,,
334,169.26666666666668,0,,,,,
335,169.26666666666668,0,,,,,
336,169.26666666666668,0,,,,,
337,169.26666666666668,0,,,,,
338,169.26666666666668,0,,,,,
339,169.26666666666668,0,,,,,
340,169.26666666666668,0,,,,,
341,169.26666666666668,0,,,,,
342,169.26666666666668,0,,,,,
343,169.26666666666668,0,,,,,
344,169.26666666666668,0,,,,,
345,169.26666666666668,0,,,,,
346,169.26666666666668,0,,,,,
347,169.26666666666668,0,,,,,
348,169.26666666666668,0,,,,,
349,169.26666666666668,0,,,,,
350,169.26666666666668,0,,,,,
351,169.26666666666668,0,,,,,
352,169.26666666666668,0,,,,,
353,169.26666666666668,0,,,,,
354,169.26666666666668,0,,,,,
355,169.26666666666668,0,,,,,
356,169.26666666666668,0,,,,,
357,169.26666666666668,0,,,,,
358,169.26666666666668,0,,,,,
359,169.26666666666668,0,,,,,
360,169.26666666666668,0,,,,,
361,169.26666666666668,0,,,,,
362,169.26666666666668,0,,,,,
363,169.26666666666668,0,,,,,
364,169.26666666666668,0,,,,,
365,169.26666666666668,0,,,,,
366,169.26666666666668,0,,,,,
367,169.26666666666668,0,,,,,
368,169.26666666666668,0,,,,,
369,169.26666666666668,0,,,,,
370,169.26666666666668,0,,,,,
371,169.26666666666668,0,,,,,
372,169.26666666666668,0,,,,,
373,169.26666666666668,0,,,,,
374,169.26666666666668,0,,,,,
375,169.26666666666668,0,,,,,
376,169.26666666666668,0,,,,,
377,169.26666666666668,0,,,,,
378,169.26666666666668,0,,,,,
379,169.26666666666668,0,,,,,
380,169.26666666666668,0,,,,,
381,169.26666666666668,0,,,,,
382,169.26666666666668,0,,,,,
383,169.26666666666668,0,,,,,
384,169.26666666666668,0,,,,,
385,169.26666666666668,0,,,,,
386,169.26666666666668,0,,,,,
387,169.26666666666668,0,,,,,
388,169.26666666666668,0,,,,,
389,169.26666666666668,0,,,,,
390,169.26666666666668,0,,,,,
391,169.26666666666668,0,,,,,
392,169.26666666666668,0,,,,,
393,169.26666666666668,0,,,,,
394,172.672131147541,0,,,,,
395,172.672131147541,0,,,,,
396,172.672131147541,0,,,,,
397,172.672131147541,0,,,,,
398,172.672131147541,0,,,,,
399,172.672131147541,0,,,,,
400,172.672131147541,0,,,,,
401,172.672131147541,0,,,,,
402,172.672131147541,0,,,,,
403,172.672131147541,0,,,,,
404,176.3709677419355,0,,,,,
405,176.3709677419355,0,,,,,
406,176.3709677419355,0,,,,,
407,176.3709677419355,0,,,,,
408,176.3709677419355,0,,,,,
409,176.3709677419355,0,,,,,
410,176.3709677419355,0,,,,,
411,176.3709677419355,0,,,,,
412,176.3709677419355,0,,,,,
413,176.3709677419355,0,,,,,
414,176.3709677419355,0,,,,,
415,176.3709677419355,0,,,,,
416,176.3709677419355,0,,,,,
417,176.3709677419355,0,,,,,
418,176.3709677419355,0,,,,,
419,176.3709677419355,0,,,,,
420,176.3709677419355,0,,,,,
421,176.3709677419355,0,,,,,
422,173.8095238095238,0,,,,,
423,173.8095238095238,0,,,,,
424,173.8095238095238,0,,,,,
425,171.375,0,,,,,
426,171.375,0,,,,,
427,171.375,0,,,,,
428,168.83076923076922,0,,,,,
429,166.6060606060606,0,,,,,
430,166.6060606060606,0,,,,,
431,166.6060606060606,0,,,,,
432,166.6060606060606,0,,,,,
433,164.28358208955223,0,,,,,
434,162.0441176470588,0,,,,,
435,162.0441176470588,0,,,,,
436,162.0441176470588,0,,,,,
437,159.91304347826087,0,,,,,
438,159.91304347826087,0,,,,,
439,159.91304347826087,0,,,,,
440,153.58333333333334,0,,,,,
441,151.73972602739727,0,,,,,
442,148.02666666666667,0,,,,,
443,148.02666666666667,0,,,,,
444,142.98717948717947,0,,,,,
445,139.8,0,,,,,
446,139.8,0,,,,,
447,139.8,0,,,,,
448,139.8,0,,,,,
449,135.5421686746988,0,,,,,
450,135.5421686746988,0,,,,,
451,130.1264367816092,0,,,,,
452,127.70786516853933,0,,,,,
453,121.4421052631579,0,,,,,
454,120.35416666666667,0,,,,,
455,117.25252525252525,0,,,,,
456,117.25252525252525,0,,,,,
457,113.47572815533981,0,,,,,
458,112.4423076923077,0,,,,,
459,112.4423076923077,0,,,,,
460,107.83636363636364,0,,,,,
461,104.06086956521739,0,,,,,
462,102.45299145299145,0,,,,,
463,98.84552845528455,0,,,,,
464,98.26612903225806,0,,,,,
465,96.1875,0,,,,,
466,96.1875,0,,,,,
467,92.66417910447761,0,,,,,
468,90.12230215827338,0,,,,,
469,89.08510638297872,0,,,,,
470,82.76129032258065,0,,,,,
471,78.53614457831326,0,,,,,
472,75.20670391061452,0,,,,,
473,70.45959595959596,0,,,,,
474,67.91787439613526,0,,,,,
475,67.91787439613526,0,,,,,
476,67.01421800947867,0,,,,,
477,63.89380530973451,0,,,,,
478,61.857142857142854,0,,,,,
479,59.69322709163347,0,,,,,
480,59.2007874015748,0,,,,,
481,57.47232472324723,0,,,,,
482,57.16117216117216,0,,,,,
483,55.69122807017544,0,,,,,
484,53.61258278145695,0,,,,,
485,53.61258278145695,0,,,,,
486,53.43421052631579,0,,,,,
487,52.7515923566879,0,,,,,
488,51.676923076923075,0,,,,,
489,50.1140350877193,0,,,,,
490,49.62285714285714,0,,,,,
491,49.24242424242424,0,,,,,
492,47.74025974025974,0,,,,,
493,47.14321608040201,0,,,,,
494,47.14321608040201,0,,,,,
495,47.095238095238095,0,,,,,
496,46.75308641975309,0,,,,,
497,46.479217603911984,0,,,,,
498,46.21980676328502,0,,,,,
499,45.73696682464455,0,,,,,
500,44.87082405345212,0,,,,,
501,44.93088552915767,0,,,,,
502,44.953290870488324,0,,,,,
503,44.61065573770492,0,,,,,
504,44.4296875,0,,,,,
505,43.69402985074627,0,,,,,
506,43.132616487455195,0,,,,,
507,43.04974271012007,0,,,,,
508,42.71875,0,,,,,
509,42.58481421647819,0,,,,,
510,42.35703001579779,0,,,,,
511,42.37442218798151,0,,,,,
512,41.94222222222222,0,,,,,
513,41.973684210526315,0,,,,,
514,41.95238095238095,0,,,,,
515,41.89376770538244,0,,,,,
516,44.88010540184453,0,,,,,
517,44.76972010178117,0,,,,,
518,44.57875,0,,,,,
519,44.22592592592593,0,,,,,
520,44.56382978723404,0,,,,,
521,44.438372093023254,0,,,,,
522,44.350114416475975,0,,,,,
523,44.48549107142857,0,,,,,
524,44.405733186328554,0,,,,,
525,44.45058448459086,0,,,,,
526,44.31832460732984,0,,,,,
527,44.499,0,,,,,
528,44.607421875,0,,,,,
529,44.53875968992248,0,,,,,
530,44.53764478764479,0,,,,,
531,44.17121354656632,0,,,,,
532,44.298534798534796,0,,,,,
533,44.11280214861235,0,,,,,
534,44.04808548530721,0,,,,,
535,43.90052356020942,0,,,,,
536,43.797402597402595,0,,,,,
537,43.83163265306123,0,,,,,
538,43.66089108910891,0,,,,,
539,43.247406225059855,0,,,,,
540,43.52839116719243,0,,,,,
541,43.65136186770428,0,,,,,
542,43.78230769230769,0,,,,,
543,43.89525244913338,0,,,,,
544,43.91385767790262,0,,,,,
545,44.018050541516246,0,,,,,
546,44.08179231863443,0,,,,,
547,44.24002799160252,0,,,,,
548,44.265306122448976,0,,,,,
549,44.20161834120027,0,,,,,
550,44.27315436241611,0,,,,,
551,44.33311214333112,0,,,,,
552,44.298760600130464,0,,,,,
553,44.30769230769231,0,,,,,
554,45.01125703564728,0,,,,,
555,45.55276073619632,0,,,,,
556,45.552439024390246,0,,,,,
557,45.51556886227545,0,,,,,
558,45.72976121141526,0,,,,,
559,45.84865790976585,0,,,,,
560,45.79398410896708,0,,,,,
561,45.680383314543406,0,,,,,
562,45.850055126791624,0,,,,,
563,45.852013057671385,0,,,,,
564,46.221333333333334,0,,,,,
565,46.26041117554033,0,,,,,
566,46.396899224806205,0,,,,,
567,47.146525679758305,0,,,,,
568,47.1948051948052,0,,,,,
569,47.82967301122499,0,,,,,
570,47.95452346395743,0,,,,,
571,48.3323768531803,0,,,,,
572,48.68179691155826,0,,,,,
573,48.952183908045974,0,,,,,
574,49.053013140009064,0,,,,,
575,49.07581227436823,0,,,,,
576,49.19562304600268,0,,,,,
577,49.689533861037816,0,,,,,
578,49.97914856646394,0,,,,,
579,50.34313725490196,0,,,,,
580,50.44089188052167,0,,,,,
581,50.48564294631711,0,,,,,
582,50.71393442622951,0,,,,,
583,51.262374245472834,0,,,,,
584,51.45370741482966,0,,,,,
585,51.516733067729085,0,,,,,
586,51.53751488685987,0,,,,,
587,52.62762645914397,0,,,,,
588,52.58846302748742,0,,,,,
589,52.603217158176946,0,,,,,
590,52.528853454821565,0,,,,,
591,52.65721745617307,0,,,,,
592,52.906951084957704,0,,,,,
593,53.18009478672986,0,,,,,
594,53.71598272138229,0,,,,,
595,53.97077690662865,0,,,,,
596,54.37888418079096,0,,,,,
597,54.93615544760583,0,,,,,
598,55.1298656562177,0,,,,,
599,55.12534246575343,0,,,,,
600,55.298877932675964,0,,,,,
601,55.489001692047374,0,,,,,
602,55.684334116068435,0,,,,,
603,56.13368630046327,0,,,,,
604,56.86212516297262,0,,,,,
605,57.416906820365035,0,,,,,
606,57.48850574712644,0,,,,,
607,57.78027189377173,0,,,,,
608,58.47080745341615,0,,,,,
609,58.671093267449045,0,,,,,
610,59.03123086344152,0,,,,,
611,59.309603150560434,0,,,,,
612,59.60023973629008,0,,,,,
613,60.154028436018955,0,,,,,
614,61.076833527357394,0,,,,,
615,61.501002578057864,0,,,,,
616,61.60451170759566,0,,,,,
617,62.24556462968178,0,,,,,
618,62.414217744192555,0,,,,,
619,62.85706386508156,0,,,,,
620,63.05159165751921,0,,,,,
621,63.48169243287225,0,,,,,
622,64.31046449546183,0,,,,,
623,64.69815303430079,0,,,,,
624,64.89127587110296,0,,,,,
625,65.28274428274429,0,,,,,
626,65.77983063895304,0,,,,,
627,66.14568527918782,0,,,,,
628,66.27822580645162,0,,,,,
629,66.61486486486487,0,,,,,
630,67.61075638506877,0,,,,,
631,67.9676713660671,0,,,,,
632,68.05888054276714,0,,,,,
633,68.31058596575838,0,,,,,
634,69.16122886401524,0,,,,,
635,69.66729589428977,0,,,,,
636,69.92857142857143,0,,,,,
637,70.20902115787027,0,,,,,
638,70.51823638042475,0,,,,,
639,70.85069841996794,0,,,,,
640,71.24274047186933,0,,,,,
641,71.80704509759929,0,,,,,
642,72.16221033868092,0,,,,,
643,72.62450243255196,0,,,,,
644,72.85378704720088,0,,,,,
645,72.96919379506227,0,,,,,
646,73.19247498912571,0,,,,,
647,73.65871480765098,0,,,,,
648,73.76893370521347,0,,,,,
649,74.20463238419039,0,,,,,
650,74.41917808219178,0,,,,,
651,74.74910920142528,0,,,,,
652,75.234219269103,0,,,,,
653,75.49094277480445,0,,,,,
654,75.89482299979538,0,,,,,
655,76.36315682694259,0,,,,,
656,76.76855017092298,0,,,,,
657,77.19223107569721,0,,,,,
658,77.35515873015873,0,,,,,
659,77.70879337539432,0,,,,,
660,78.15875805506737,0,,,,,
661,78.30178779634667,0,,,,,
662,78.26640851887706,0,,,,,
663,78.49730354391372,0,,,,,
664,79.12480916030535,0,,,,,
665,79.50094768764215,0,,,,,
666,79.65371621621621,0,,,,,
667,80.15610481323174,0,,,,,
668,80.29970326409496,0,,,,,
669,80.49916805324459,0,,,,,
670,81.34665936473165,0,,,,,
671,81.8373231773667,0,,,,,
672,81.8664736746879,0,,,,,
673,82.4680393912265,0,,,,,
674,82.76454932576296,0,,,,,
675,83.1301357785223,0,,,,,
676,83.25215403551961,0,,,,,
677,83.52030101505075,0,,,,,
678,83.90668523676881,0,,,,,
679,84.10597402597402,0,,,,,
680,84.23566988950276,0,,,,,
681,84.39170110192838,0,,,,,
682,84.54595336076818,0,,,,,
683,84.67235494880546,0,,,,,
684,84.791765906771,0,,,,,
685,85.38457652803503,0,,,,,
686,85.85731013716962,0,,,,,
687,85.92024028032705,0,,,,,
688,86.33880869420939,0,,,,,
689,86.55753673435694,0,,,,,
690,87.02731436048414,0,,,,,
691,87.63221192914025,0,,,,,
692,88.00888960724099,0,,,,,
693,88.40064257028112,0,,,,,
694,88.58304,0,,,,,
695,88.63259141494436,0,,,,,
696,89.06945103622844,0,,,,,
697,89.26807371239565,0,,,,,
698,90.76915931258709,0,,,,,
699,90.86447733580019,0,,,,,
700,91.03289777094543,0,,,,,
701,91.50099373184528,0,,,,,
702,91.62452457021148,0,,,,,
703,92.39269063016995,0,,,,,
704,92.52413793103449,0,,,,,
705,92.57221807318895,0,,,,,
706,92.96500074150971,0,,,,,
707,93.1958093551719,0,,,,,
708,93.4740326614683,0,,,,,
709,93.63717723004694,0,,,,,
710,93.7830340195649,0,,,,,
711,93.73765477057539,0,,,,,
712,94.0037724898433,0,,,,,
713,94.6099985592854,0,,,,,
714,94.74852624011503,0,,,,,
715,95.09341522639623,0,,,,,
716,95.4917753828701,0,,,,,
717,95.49624592718516,0,,,,,
718,95.51986427258589,0,,,,,
719,96.24358435002104,0,,,,,
720,96.55470383275261,0,,,,,
721,96.84901470996392,0,,,,,
722,97.20229218447943,0,,,,,
723,97.34902284613267,0,,,,,
724,97.65263879369431,0,,,,,
725,97.70992470910335,0,,,,,
726,98.03571428571429,0,,,,,
727,98.10129163834127,0,,,,,
728,98.26811790156842,0,,,,,
729,98.7550416778704,0,,,,,
730,98.82150999061285,0,,,,,
731,98.98246788008565,0,,,,,
732,99.5298963592878,0,,,,,
733,99.59181240063593,0,,,,,
734,99.84792079207921,0,,,,,
735,100.14832347140039,0,,,,,
736,100.38098978790259,0,,,,,
737,100.94647265168247,0,,,,,
738,101.27400619514714,0,,,,,
739,101.47676663663277,0,,,,,
740,102.28055626435315,0,,,,,
741,102.26341276921116,0,,,,,
742,102.35246945010184,0,,,,,
743,102.53455928979074,0,,,,,
744,102.80965011999494,0,,,,,
745,103.0732320060294,0,,,,,
746,103.26686656671664,0,,,,,
747,103.30856501683081,0,,,,,
748,103.49122588674548,0,,,,,
749,103.41630421275009,0,,,,,
750,103.5934828397968,0,,,,,
751,103.94317761617158,0,,,,,
752,104.12759425273241,0,,,,,
753,104.43660594204671,0,,,,,
754,104.50414230019493,0,,,,,
755,105.03538536112458,0,,,,,
756,105.25531657805703,0,,,,,
757,105.92074927953891,0,,,,,
758,106.03049874416936,0,,,,,
759,106.32568370986921,0,,,,,
760,106.53433400307293,0,,,,,
761,106.7575329566855,0,,,,,
762,106.73292582579053,0,,,,,
763,107.3116670563479,0,,,,,
764,107.44576488407317,0,,,,,
765,107.50936591041302,0,,,,,
766,107.59183199907181,0,,,,,
767,107.71825764596849,0,,,,,
768,107.8519117477186,0,,,,,
769,108.06492158671587,0,,,,,
770,108.1889374425023,0,,,,,
771,108.53975517675323,0,,,,,
772,108.7843137254902,0,,,,,
773,108.95973154362416,0,,,,,
774,109.30311934900543,0,,,,,
775,109.37870756738468,0,,,,,
776,109.88047629746124,0,,,,,
777,109.9300761990139,0,,,,,
778,110.13526785714286,0,,,,,
779,110.28269102249945,0,,,,,
780,110.55811889973381,0,,,,,
781,110.67622315696259,0,,,,,
782,110.8035990284831,0,,,,,
783,111.04193725921849,0,,,,,
784,111.22696432479755,0,,,,,
785,111.24298044357042,0,,,,,
786,111.68582916757227,0,,,,,
787,111.72778439225024,0,,,,,
788,111.87088771437817,0,,,,,
789,111.848367280957,0,,,,,
790,111.8029667849081,0,,,,,
791,112.03245501285348,0,,,,,
792,111.97562540089801,0,,,,,
793,111.96187119512976,0,,,,,
794,112.30684232894177,0,,,,,
795,112.5438781983506,0,,,,,
796,112.5557078106883,0,,,,,
797,113.25837871805614,0,,,,,
798,113.35833071854408,0,,,,,
799,113.46555497655028,0,,,,,
800,113.75578619615983,0,,,,,
801,114.28188196450681,0,,,,,
802,114.46294583204852,0,,,,,
803,114.64572247237004,0,,,,,
804,114.87995112514001,0,,,,,
805,114.95061979272505,0,,,,,
806,115.6733313137433,0,,,,,
807,115.6662633595483,0,,,,,
808,116.15543521861211,0,,,,,
809,116.59070045899023,0,,,,,
810,116.72072879330943,0,,,,,
811,116.7532816229117,0,,,,,
812,117.12774806892455,0,,,,,
813,117.35962051586125,0,,,,,
814,117.37355811889974,0,,,,,
815,117.30050182032865,0,,,,,
816,117.56283671270448,0,,,,,
817,117.64054397808434,0,,,,,
818,117.6746070487162,0,,,,,
819,117.81191588785046,0,,,,,
820,117.72869497619278,0,,,,,
821,118.09308407593956,0,,,,,
822,118.16357487922706,0,,,,,
823,118.38030201019525,0,,,,,
824,118.4696387394312,0,,,,,
825,118.52889868685901,0,,,,,
826,118.63150842266462,0,,,,,
827,119.31023981728207,0,,,,,
828,119.27383328580933,0,,,,,
829,119.46547968557628,0,,,,,
830,119.53531247045476,0,,,,,
831,119.65035360678925,0,,,,,
832,119.77342867896124,0,,,,,
833,119.96912827249695,0,,,,,
834,119.99036031820309,0,,,,,
835,120.0239297064872,0,,,,,
836,120.116714831733,0,,,,,
837,120.20654396728017,0,,,,,
838,120.47739484899017,0,,,,,
839,120.64555442710737,0,,,,,
840,120.66362294779562,0,,,,,
841,120.75276141384388,0,,,,,
842,120.70045024349903,0,,,,,
843,121.16167445268847,0,,,,,
844,121.36796418128655,0,,,,,
845,121.37826245665268,0,,,,,
846,121.41144836386837,0,,,,,
847,121.48427558625704,0,,,,,
848,121.886915549112,0,,,,,
849,121.83964909107353,0,,,,,
850,121.86067943621251,0,,,,,
851,122.07804041862144,0,,,,,
852,122.27160715891716,0,,,,,
853,122.54778554778555,0,,,,,
854,122.57594200304305,0,,,,,
855,122.63581902718168,0,,,,,
856,122.78594363182305,0,,,,,
857,122.93508459483526,0,,,,,
858,123.47705121389332,0,,,,,
859,123.50110570544007,0,,,,,
860,123.49690539345711,0,,,,,
861,123.59440374260747,0,,,,,
862,123.76428634322444,0,,,,,
863,123.90646976090014,0,,,,,
864,124.04717229285401,0,,,,,
865,124.26086196345834,0,,,,,
866,124.62867102396514,0,,,,,
867,125.24822326226382,0,,,,,
868,125.4717682663208,0,,,,,
869,125.673652436395,0,,,,,
870,125.67470502110068,0,,,,,
871,125.6787221217601,0,,,,,
872,126.11561883523459,0,,,,,
873,126.32002393980848,0,,,,,
874,126.54225592094053,0,,,,,
875,126.69025946405785,0,,,,,
876,126.80037266028627,0,,,,,
877,127.11569968752639,0,,,,,
878,127.17434599156118,0,,,,,
879,127.0931996292239,0,,,,,
880,127.63468634686348,0,,,,,
881,127.83319397993311,0,,,,,
882,127.90064236255944,0,,,,,
883,127.8462371864322,0,,,,,
884,128.2537573694262,0,,,,,
885,128.29642234581223,0,,,,,
886,128.6729033860419,0,,,,,
887,128.65475304045668,0,,,,,
888,128.66517857142858,0,,,,,
889,128.70559129143987,0,,,,,
890,128.7140149954684,0,,,,,
891,129.080059181325,0,,,,,
892,129.15897898883782,0,,,,,
893,129.64303797468355,0,,,,,
894,129.78539967373572,0,,,,,
895,129.76884217387763,0,,,,,
896,130.15898393118,0,,,,,
897,130.2497368207952,0,,,,,
898,130.21041986894264,0,,,,,
899,130.33392583016885,0,,,,,
900,130.9219932378039,0,,,,,
901,130.87917035131443,0,,,,,
902,130.92978091645935,0,,,,,
903,131.41470047188676,0,,,,,
904,131.57288757679726,0,,,,,
905,131.60877192982457,0,,,,,
906,131.63009554140126,0,,,,,
907,131.81109433362474,0,,,,,
908,131.94469570737127,0,,,,,
909,132.03227082179862,0,,,,,
910,132.27974453993534,0,,,,,
911,132.45234159779613,0,,,,,
912,132.97357484513446,0,,,,,
913,133.48349757547317,0,,,,,
914,133.562124170246,0,,,,,
915,133.79922088040513,0,,,,,
916,133.7586743426171,0,,,,,
917,134.13499263394587,0,,,,,
918,134.24225766491173,0,,,,,
919,134.25431201175653,0,,,,,
920,134.40827352010496,0,,,,,
921,134.33348736906962,0,,,,,
922,134.3362579850689,0,,,,,
923,134.46058791925705,0,,,,,
924,134.53884500345117,0,,,,,
925,134.7473571319136,0,,,,,
926,134.79144344099188,0,,,,,
927,134.84557755523278,0,,,,,
928,135.19465183605058,0,,,,,
929,135.43402672335256,0,,,,,
930,135.52868510799544,0,,,,,
931,135.5988205050658,0,,,,,
932,135.9488803438136,0,,,,,
933,135.9477926774145,0,,,,,
934,136.3617675744617,0,,,,,
935,136.4526094781044,0,,,,,
936,136.6877851746578,0,,,,,
937,136.8467387253075,0,,,,,
938,136.8110382839267,0,,,,,
939,136.90911795329467,0,,,,,
940,137.18028169014084,0,,,,,
941,137.23944913371835,0,,,,,
942,137.32597297097703,0,,,,,
943,137.8387594620416,0,,,,,
944,138.17110377704438,0,,,,,
945,138.40532825880115,0,,,,,
946,138.69513529283057,0,,,,,
947,138.89742470536885,0,,,,,
948,138.97949836423118,0,,,,,
949,139.63149127254292,0,,,,,
950,140.09447170900694,0,,,,,
951,140.20643721198158,0,,,,,
952,140.5707723227103,0,,,,,
953,140.70156205216395,0,,,,,
954,140.7912197912198,0,,,,,
955,141.3581090701979,0,,,,,
956,141.63491725264578,0,,,,,
957,141.85180192962542,0,,,,,
958,142.06057603849692,0,,,,,
959,142.14886548384817,0,,,,,
960,142.119466214785,0,,,,,
961,142.10126939351198,0,,,,,
962,142.75832747716092,0,,,,,
963,142.76812306827762,0,,,,,
964,143.22022141255604,0,,,,,
965,143.5796009487931,0,,,,,
966,143.64107030868928,0,,,,,
967,143.86536320623435,0,,,,,
968,144.02205882352942,0,,,,,
969,144.23209347345133,0,,,,,
970,144.7980034423408,0,,,,,
971,145.00391375995605,0,,,,,
972,144.9967103008704,0,,,,,
973,145.38506218395517,0,,,,,
974,145.7353181632375,0,,,,,
975,145.82443734276194,0,,,,,
976,145.79775891341257,0,,,,,
977,145.82340569877883,0,,,,,
978,145.97950348373132,0,,,,,
979,146.11809588116137,0,,,,,
980,146.09883289482562,0,,,,,
981,146.21115966386554,0,,,,,
982,146.82032035386368,0,,,,,
983,147.20262049602246,0,,,,,
984,147.35747149429886,0,,,,,
985,147.69177581277842,0,,,,,
986,147.8640615670404,0,,,,,
987,147.8603633470362,0,,,,,
988,147.82977316315058,0,,,,,
989,147.69560337998416,0,,,,,
990,148.47189903372117,0,,,,,
991,148.49724300905868,0,,,,,
992,148.64331585845346,0,,,,,
993,148.86908496732025,0,,,,,
994,149.03954397394136,0,,,,,
995,149.14939837398373,0,,,,,
996,149.3212663812119,0,,,,,
997,149.43366785367434,0,,,,,
998,149.40925542916236,0,,,,,
999,149.6727834653274,0,,,,,
1000,149.56207848930566,0,,,,,
1001,150.30314834919216,0,,,,,
1002,150.34907584448695,0,,,,,
1003,150.63784023856354,0,,,,,
1004,150.59696010132996,0,,,,,
1005,150.6093918106449,0,,,,,
1006,150.57082305307776,0,,,,,
1007,150.5772095959596,0,,,,,
1008,150.49993691647742,0,,,,,
1009,150.56654279775776,0,,,,,
1010,150.47228855096142,0,,,,,
1011,150.95099081077703,0,,,,,
1012,151.0323687164775,0,,,,,
1013,151.43031542418046,0,,,,,
1014,151.58847889239138,0,,,,,
1015,151.53066765395533,0,,,,,
1016,151.38248139263087,0,,,,,
1017,151.7049431992631,0,,,,,
1018,151.88773325175896,0,,,,,
1019,152.3064958828911,0,,,,,
1020,152.33674401607894,0,,,,,
1021,152.52125592129235,0,,,,,
1022,152.524115755627,0,,,,,
1023,152.48082863892424,0,,,,,
1024,152.626427406199,0,,,,,
1025,152.5446977922548,0,,,,,
1026,152.7019959119875,0,,,,,
1027,152.57808284875009,0,,,,,
1028,152.87911891117477,0,,,,,
1029,152.72866507747318,0,,,,,
1030,153.55567388474736,0,,,,,
1031,153.86382928554588,0,,,,,
1032,153.9320148331273,0,,,,,
1033,153.85013496068535,0,,,,,
1034,153.87280496370875,0,,,,,
1035,153.89593790124897,0,,,,,
1036,153.80424912689173,0,,,,,
1037,153.9052149196589,0,,,,,
1038,154.10111709208775,0,,,,,
1039,154.26630089517758,0,,,,,
1040,154.20001153801778,0,,,,,
1041,154.1358266582147,0,,,,,
1042,154.36787088622137,0,,,,,
1043,154.22041869802123,0,,,,,
1044,154.3418134004116,0,,,,,
1045,154.2477032810271,0,,,,,
1046,154.03219018370015,0,,,,,
1047,154.15559083692446,0,,,,,
1048,154.36319475824672,0,,,,,
1049,154.1935174746336,0,,,,,
1050,154.3103021437011,0,,,,,
1051,154.27956928943973,0,,,,,
1052,154.39306908520882,0,,,,,
1053,154.3220718201141,0,,,,,
1054,154.32998996990972,0,,,,,
1055,154.43992667888685,0,,,,,
1056,154.70051520691374,0,,,,,
1057,154.5857435160095,0,,,,,
1058,154.66868932038835,0,,,,,
1059,154.56689230091905,0,,,,,
1060,154.47902942468158,0,,,,,
1061,154.2926575342466,0,,,,,
1062,154.16526304276496,0,,,,,
1063,154.15318754430933,0,,,,,
1064,154.20811105062603,0,,,,,
1065,154.06575014943215,0,,,,,
1066,154.07866326696686,0,,,,,
1067,154.0532618118769,0,,,,,
1068,154.270429700184,0,,,,,
1069,154.22961083823608,0,,,,,
1070,154.02859600086003,0,,,,,
1071,153.9496456946532,0,,,,,
1072,153.90280383852465,0,,,,,
1073,153.72328928361244,0,,,,,
1074,153.5434434968017,0,,,,,
1075,153.73644442079498,0,,,,,
1076,153.68745683472346,0,,,,,
1077,153.68288937139226,0,,,,,
1078,153.59336999048324,0,,,,,
1079,153.64243925578452,0,,,,,
1080,153.57169156322323,0,,,,,
1081,153.43408208250236,0,,,,,
1082,153.38248703034114,0,,,,,
1083,153.24184782608697,0,,,,,
1084,153.17001618207445,0,,,,,
1085,153.12591820786662,0,,,,,
1086,153.09613885568777,0,,,,,
1087,153.0222395023328,0,,,,,
1088,152.82313699126027,0,,,,,
1089,153.33474074455486,0,,,,,
1090,153.74671794871796,0,,,,,
1091,153.53897299509,0,,,,,
1092,153.38554892662282,0,,,,,
1093,153.28511114502263,0,,,,,
1094,153.41573261652383,0,,,,,
1095,153.22868413067664,0,,,,,
1096,153.22061938868154,0,,,,,
1097,153.3569306681436,0,,,,,
1098,153.75414932557788,0,,,,,
1099,153.6977105355443,0,,,,,
1100,153.76865857920222,0,,,,,
1101,153.64897166475774,0,,,,,
1102,153.76041873387578,0,,,,,
1103,153.82574669374412,0,,,,,
1104,153.70920512440026,0,,,,,
1105,153.66064197530864,0,,,,,
1106,153.63786068918054,0,,,,,
1107,153.431925112723,0,,,,,
1108,153.7081480033237,0,,,,,
1109,153.97988799610422,0,,,,,
1110,153.8141975608571,0,,,,,
1111,153.7683675937122,0,,,,,
1112,153.9805113362277,0,,,,,
1113,153.84299667997882,0,,,,,
1114,154.05573927630002,0,,,,,
1115,153.90877780435304,0,,,,,
1116,153.92620683075748,0,,,,,
1117,154.0251724958363,0,,,,,
1118,153.83599639656725,0,,,,,
1119,153.9992904110885,0,,,,,
1120,154.11444051825677,0,,,,,
1121,154.26077565968635,0,,,,,
1122,154.42175501030155,0,,,,,
1123,154.63259797077166,0,,,,,
1124,154.5392789197717,0,,,,,
1125,155.15194673078702,0,,,,,
1126,155.2749310027599,0,,,,,
1127,155.22790740400515,0,,,,,
1128,155.34535278465916,0,,,,,
1129,155.50009140767824,0,,,,,
1130,155.7340924618538,0,,,,,
1131,156.08871552975327,0,,,,,
1132,156.2602975087037,0,,,,,
1133,156.18480715382532,0,,,,,
1134,156.08687223875214,0,,,,,
1135,156.18170770130982,0,,,,,
1136,156.13481075249484,0,,,,,
1137,156.02023873631305,0,,,,,
1138,156.0606847169389,0,,,,,
1139,156.37836270354674,0,,,,,
1140,156.49563746438747,0,,,,,
1141,156.45260863763733,0,,,,,
1142,156.414063538482,0,,,,,
1143,156.33784680738086,0,,,,,
1144,156.24204665959704,0,,,,,
1145,156.23872503637085,0,,,,,
1146,156.12984044657378,0,,,,,
1147,156.3239097085251,0,,,,,
1148,156.27367867933617,0,,,,,
1149,156.27428222357972,0,,,,,
1150,156.36167159506002,0,,,,,
1151,156.36974935928066,0,,,,,
1152,156.24839660253076,0,,,,,
1153,156.55,0,,,,,
1154,156.43799551878664,0,,,,,
1155,156.37905547677366,0,,,,,
1156,156.46354546624897,0,,,,,
1157,156.56187133501692,0,,,,,
1158,156.60587405412338,0,,,,,
1159,156.55214776265836,0,,,,,
1160,156.56705160438062,0,,,,,
1161,156.5796034717495,0,,,,,
1162,156.61948965751102,0,,,,,
1163,156.70501163036582,0,,,,,
1164,156.66728632388356,0,,,,,
1165,156.95686604886268,0,,,,,
1166,156.92166926086406,0,,,,,
1167,156.94408267865396,0,,,,,
1168,157.2291457286432,0,,,,,
1169,157.2366153588757,0,,,,,
1170,157.14014281538397,0,,,,,
1171,157.11254327785426,0,,,,,
1172,157.17006406523006,0,,,,,
1173,157.13798262748847,0,,,,,
1174,157.08737702876593,0,,,,,
1175,157.12520177144987,0,,,,,
1176,157.01032375289066,0,,,,,
1177,157.23304211654167,0,,,,,
1178,157.18430581845115,0,,,,,
1179,157.24176861811316,0,,,,,
1180,157.41790249897582,0,,,,,
1181,157.42772414921467,0,,,,,
1182,157.40095592140202,0,,,,,
1183,157.34609738194274,0,,,,,
1184,157.47784153339032,0,,,,,
1185,157.4364101938788,0,,,,,
1186,157.45458970510688,0,,,,,
1187,157.45284470540597,0,,,,,
1188,157.51541974859546,0,,,,,
1189,157.5322320058163,0,,,,,
1190,157.4926782040421,0,,,,,
1191,157.48139787980168,0,,,,,
1192,157.40399855183233,0,,,,,
1193,157.36954163821156,0,,,,,
1194,157.49074148296594,0,,,,,
1195,157.56535986892058,0,,,,,
1196,157.54055888223553,0,,,,,
1197,157.62994226557834,0,,,,,
1198,157.99273001747974,0,,,,,
1199,158.27736589620585,0,,,,,
1200,158.2181537487135,0,,,,,
1201,158.39860968480923,0,,,,,
1202,158.45324706068018,0,,,,,
1203,158.41839470156904,0,,,,,
1204,158.48528254368014,0,,,,,
1205,158.55299340037712,0,,,,,
1206,158.62356220311702,0,,,,,
1207,158.56656213249707,0,,,,,
1208,158.5585483302666,0,,,,,
1209,158.5393192488263,0,,,,,
1210,158.67278765383864,0,,,,,
1211,159.03427458617332,0,,,,,
1212,159.0415596544478,0,,,,,
1213,159.24162038295725,0,,,,,
1214,159.22472258865523,0,,,,,
1215,159.14807498644356,0,,,,,
1216,159.215985144493,0,,,,,
1217,159.25328591309727,0,,,,,
1218,159.45712853728122,0,,,,,
1219,159.59842095128056,0,,,,,
1220,159.70336344416683,0,,,,,
1221,159.65208045447565,0,,,,,
1222,159.8809086033862,0,,,,,
1223,159.90194877292393,0,,,,,
1224,159.9695522616137,0,,,,,
1225,160.27210339700332,0,,,,,
1226,160.3467195001143,0,,,,,
1227,160.4378993002738,0,,,,,
1228,160.56494814026823,0,,,,,
1229,160.60063000493378,0,,,,,
1230,160.60444848622637,0,,,,,
1231,160.852797823705,0,,,,,
1232,160.9280537520761,0,,,,,
1233,160.98959903527285,0,,,,,
1234,160.96476036293814,0,,,,,
1235,160.96335177032773,0,,,,,
1236,161.0250572899057,0,,,,,
1237,161.02649652842936,0,,,,,
1238,160.99985008620044,0,,,,,
1239,161.0085348506401,0,,,,,
1240,161.01784445026374,0,,,,,
1241,161.18965774921537,0,,,,,
1242,161.29827245252042,0,,,,,
1243,161.39055282372226,0,,,,,
1244,161.42858205071008,0,,,,,
1245,161.67096031775492,0,,,,,
1246,161.6572127683239,0,,,,,
1247,161.64907211912436,0,,,,,
1248,161.8032829309771,0,,,,,
1249,161.96691162893757,0,,,,,
1250,162.5300136174598,0,,,,,
1251,162.52321264473443,0,,,,,
1252,162.50887378284034,0,,,,,
1253,162.4676478144383,0,,,,,
1254,162.55562877539813,0,,,,,
1255,162.7074829931973,0,,,,,
1256,162.79981751824818,0,,,,,
1257,162.88620702227732,0,,,,,
1258,162.86406528946696,0,,,,,
1259,163.29333721057031,0,,,,,
1260,163.31334011480055,0,,,,,
1261,163.74635241301908,0,,,,,
1262,163.86759972514557,0,,,,,
1263,163.88973191704602,0,,,,,
1264,163.96609191256042,0,,,,,
1265,163.98301968418775,0,,,,,
1266,164.02606566820276,0,,,,,
1267,164.0691056910569,0,,,,,
1268,164.30650088043987,0,,,,,
1269,164.81825681492109,0,,,,,
1270,164.83252131546894,0,,,,,
1271,164.86271774510857,0,,,,,
1272,164.97633410672853,0,,,,,
1273,165.01047866842498,0,,,,,
1274,165.37728194726165,0,,,,,
1275,165.51347316032707,0,,,,,
1276,165.50808716362732,0,,,,,
1277,165.7317012595352,0,,,,,
1278,166.20108272592174,0,,,,,
1279,166.28728969319948,0,,,,,
1280,166.43176283748014,0,,,,,
1281,166.492123903161,0,,,,,
1282,166.53376307724824,0,,,,,
1283,166.62547909560814,0,,,,,
1284,166.62857243294548,0,,,,,
1285,166.63132377740303,0,,,,,
1286,166.62535962388606,0,,,,,
1287,166.68708603469423,0,,,,,
1288,166.77704665569985,0,,,,,
1289,166.83999580316862,0,,,,,
1290,166.94055980710766,0,,,,,
1291,166.95548961424333,0,,,,,
1292,167.00369763142288,0,,,,,
1293,167.05872512459484,0,,,,,
1294,167.11039141941774,0,,,,,
1295,167.15130229161596,0,,,,,
1296,167.19854141343984,0,,,,,
1297,167.43504646969066,0,,,,,
1298,167.46436980609417,0,,,,,
1299,167.47284621508427,0,,,,,
1300,167.72620487130766,0,,,,,
1301,167.77669300031047,0,,,,,
1302,167.86997277458042,0,,,,,
1303,167.9157082845534,0,,,,,
1304,167.95572907708714,0,,,,,
1305,168.24401387886908,0,,,,,
1306,168.38118438207644,0,,,,,
1307,168.56164101861054,0,,,,,
1308,168.6097427289233,0,,,,,
1309,168.7403645566157,0,,,,,
1310,168.84596468458622,0,,,,,
1311,168.851716606375,0,,,,,
1312,168.89065802932151,0,,,,,
1313,168.88260751039323,0,,,,,
1314,169.2967309589414,0,,,,,
1315,169.391852405545,0,,,,,
1316,169.4087018544936,0,,,,,
1317,169.46066196418883,0,,,,,
1318,169.5671995664544,0,,,,,
1319,169.6373752748182,0,,,,,
1320,169.61262418057714,0,,,,,
1321,169.58950711124623,0,,,,,
1322,169.79377024838013,0,,,,,
1323,169.8402440668824,0,,,,,
1324,169.9768005656756,0,,,,,
1325,169.98223179431955,0,,,,,
1326,170.13427217423452,0,,,,,
1327,170.1255918600356,0,,,,,
1328,170.18425820304637,0,,,,,
1329,170.30277842946677,0,,,,,
1330,170.36850388427538,0,,,,,
1331,170.88639021619272,0,,,,,
1332,171.03821146343904,0,,,,,
1333,171.07364108713028,0,,,,,
1334,171.21451376879074,0,,,,,
1335,171.23076411739288,0,,,,,
1336,171.39068516797238,0,,,,,
1337,171.35237905634082,0,,,,,
1338,171.4942178335929,0,,,,,
1339,171.50043069175723,0,,,,,
1340,172.0402513643129,0,,,,,
1341,172.16782338555092,0,,,,,
1342,172.23498927215712,0,,,,,
1343,172.23693414280058,0,,,,,
1344,172.3010947701642,0,,,,,
1345,172.43957564575646,0,,,,,
1346,172.4391415969982,0,,,,,
1347,172.66273530667894,0,,,,,
1348,172.84394998523186,0,,,,,
1349,173.05174165219387,0,,,,,
1350,173.04663653632016,0,,,,,
1351,173.07538955087077,0,,,,,
1352,173.16339741074933,0,,,,,
1353,173.3066919356947,0,,,,,
1354,173.29498987523678,0,,,,,
1355,173.46697543951205,0,,,,,
1356,173.82014786828648,0,,,,,
1357,173.76847210468068,0,,,,,
1358,173.7457378969287,0,,,,,
1359,173.95974156683224,0,,,,,
1360,174.01648119910456,0,,,,,
1361,174.13747853416712,0,,,,,
1362,174.23935911959865,0,,,,,
1363,174.19584128318726,0,,,,,
1364,174.20574734936645,0,,,,,
1365,174.2341195476575,0,,,,,
1366,174.54349298500242,0,,,,,
1367,174.587852214843,0,,,,,
1368,174.63656274156145,0,,,,,
1369,174.66859810075647,0,,,,,
1370,174.9619561724825,0,,,,,
1371,175.0179460014768,0,,,,,
1372,175.1063065374992,0,,,,,
1373,175.15598359079547,0,,,,,
1374,175.2473734785394,0,,,,,
1375,175.35410066877859,0,,,,,
1376,175.37141852136097,0,,,,,
1377,175.87047309359858,0,,,,,
1378,175.91594443028293,0,,,,,
1379,175.9726502801834,0,,,,,
1380,176.24701321809863,0,,,,,
1381,176.43444158648504,0,,,,,
1382,176.60964161116397,0,,,,,
1383,176.65657782144328,0,,,,,
1384,176.98936136529144,0,,,,,
1385,177.08210985951146,0,,,,,
1386,177.06718117408906,0,,,,,
1387,177.1189754279578,0,,,,,
1388,177.09574636056462,0,,,,,
1389,177.48241269440678,0,,,,,
1390,177.64399836132733,0,,,,,
1391,177.83523263867028,0,,,,,
1392,178.1930596592695,0,,,,,
1393,178.27328392890786,0,,,,,
1394,178.30064641646794,0,,,,,
1395,178.42831164759366,0,,,,,
1396,178.46044720030065,0,,,,,
1397,178.4698995084995,0,,,,,
1398,178.5365533206119,0,,,,,
1399,178.6291295514924,0,,,,,
1400,178.69772670497127,0,,,,,
1401,178.78374836173,0,,,,,
1402,178.73590199195735,0,,,,,
1403,178.85861038475906,0,,,,,
1404,178.99900494418358,0,,,,,
1405,179.09503092078685,0,,,,,
1406,179.21890238220954,0,,,,,
1407,179.40561675717612,0,,,,,
1408,179.61401660676663,0,,,,,
1409,179.6453191291691,0,,,,,
1410,179.6685960133713,0,,,,,
1411,179.90032760539003,0,,,,,
1412,179.99536593654423,0,,,,,
1413,180.16777757205455,0,,,,,
1414,180.4539068277052,0,,,,,
1415,180.4680235243403,0,,,,,
1416,180.60736366152994,0,,,,,
1417,180.84180947116272,0,,,,,
1418,180.84678904715128,0,,,,,
1419,180.8278527607362,0,,,,,
1420,181.0078469838156,0,,,,,
1421,181.07596410083622,0,,,,,
1422,181.19249013067295,0,,,,,
1423,181.53269800543694,0,,,,,
1424,181.62636993619685,0,,,,,
1425,181.64074322675128,0,,,,,
1426,181.99552306989492,0,,,,,
1427,182.0379908675799,0,,,,,
1428,182.07360637779942,0,,,,,
1429,182.44354985720364,0,,,,,
1430,182.50493396083195,0,,,,,
1431,182.60971244843483,0,,,,,
1432,183.1346916532954,0,,,,,
1433,183.19360987564673,0,,,,,
1434,183.44645067785862,0,,,,,
1435,183.5114384016418,0,,,,,
1436,183.78880115725394,0,,,,,
1437,183.7881481035158,0,,,,,
1438,183.88260267373238,0,,,,,
1439,184.05383713590044,0,,,,,
1440,184.05362292718095,0,,,,,
